{
  "project_info": {
    "project_number": "703964506682",
    "firebase_url": "https://i-m4-c346f.firebaseio.com",
    "project_id": "i-m4-c346f",
    "storage_bucket": "i-m4-c346f.appspot.com"
  },
  "client": [
    {
      "client_info": {
        "mobilesdk_app_id": "1:703964506682:android:a42172a1d78fed84",
        "android_client_info": {
          "package_name": "com.example.anas.im4"
        }
      },
      "oauth_client": [
        {
          "client_id": "703964506682-47ill6c9hs0ariaosv37epiaauuqvmm5.apps.googleusercontent.com",
          "client_type": 3
        }
      ],
      "api_key": [
        {
          "current_key": "AIzaSyDDRTeNEynfUPBOBTIbkfCLAJ_SQB_muJ0"
        }
      ],
      "services": {
        "appinvite_service": {
          "other_platform_oauth_client": [
            {
              "client_id": "703964506682-47ill6c9hs0ariaosv37epiaauuqvmm5.apps.googleusercontent.com",
              "client_type": 3
            }
          ]
        }
      }
    }
  ],
  "configuration_version": "1"
}